source,target,metrics
0,0,0.0
0,1,0.03120262827470896
0,2,0.012674578688178562
0,3,0.012595981008543372
1,0,0.02232993213338947
1,1,0.0
1,2,0.013747237605811412
1,3,0.011861765003167588
2,0,0.01719494710641617
2,1,0.012273559954950006
2,2,0.0
2,3,0.0
3,0,0.024190252930092856
3,1,0.0263194314146294
3,2,0.011262970623266451
3,3,0.0
